id;value
1;ford
1;mercu
1;forsa
1;workd
1;foren
1;lo/rd
1;fortu
1;ferd
1;porsd
2;chevr
2;chevrolet
3;dodge
3;ronge
3;dorse
3;dongf
3;edge
3;dodgb
3;doge
4;toyot
4;toyota
4;taota
4;toyol
5;kia
5;okia
5;pia
5;ia
5;kaia
5;kid
5;kea
5;kkia
5;dia
5;kka
5;wokia
5;ka
5;kiawa
5;hia
5;kin
5;eia
5;kia3
6;honda
6;hondy
6;rolda
6;fonta
6;fona
6;ponta
6;hnd
6;lond
6;hunde
6;hndai
6;ponia
6;hind
6;hindo
6;hende
6;inda
6;handi
6;hmnd
6;ona
6;hayda
6;howdi
6;hyada
6;honra
6;houda
7;nissa
7;nissan
7;nassa
7;nissr
7;nessa
8;
8;white
8;unknown
8;frueh
8;wh/rd
8;n/s
8;hp
8;truck
8;ud
8;freit
8;fr/li
8;ducan
8;fuso
8;stric
8;ic
8;plymo
8;comme
8;boxtr
8;sym
8;intil
8;kenwo
8;stoug
8;smith
8;check
8;uti
8;frei
8;greia
8;navi
8;ffrei
8;freg
8;naoi
8;ft/li
8;trail
8;utili
8;frigh
8;mer
8;frght
8;frhtl
8;great
8;peter
8;surli
8;stell
8;frt
8;40241
8;wo/ho
8;wh/gm
8;ft/ct
8;wrkhr
8;wh
8;f/l
8;wo/ch
8;delv
8;frthg
8;plapl
8;intli
8;grton
8;star
8;navis
8;frnsc
8;miust
8;frtl
8;fr/ln
8;fr
8;wkhor
8;ajax
8;east
8;titan
8;cheet
8;hanji
8;apl
8;sofec
8;util
8;singa
8;geo
8;intmi
8;grumm
8;medza
8;ut/ma
8;tho
8;plag
8;ups t
8;maers
8;maeas
8;bcib
8;solec
8;ofmot
8;dema
8;magir
8;unite
8;van h
8;metro
8;k.w.
8;won
8;mono
8;unk
8;onk
8;rts
8;ngun
8;cdhin
8;uitli
8;morga
8;trl
8;trlr
8;tcku
8;rmco
8;lr/ro
8;l/r
8;mj/fy
8;cary
8;la ro
8;bus
8;flinc
8;manc
8;infl
8;lodc
8;spo
8;baewo
8;chdit
8;lr/fr
8;mci
8;blue
8;berto
8;ac
8;prevo
8;wkhs
8;alt
8;marlc
8;vanho
8;cottr
8;vm
8;pbelt
8;grey
8;bl/bi
8;mu/fu
8;up
8;hmd
8;van
8;refg
8;uhaul
8;lccdi
8;alexa
8;oshko
8;hs
8;bajaj
8;ow
8;pb
8;cjtro
8;nn
8;lwt
8;betha
8;lismo
8;winne
8;merly
8;me/rg
8;fu
8;utica
8;knl
8;layto
8;evere
8;cargo
8;ra/la
8;bruta
8;vangu
8;kentu
8;p
8;hyv
8;vd
8;yian
8;mi/jo
8;laqnd
8;vhool
8;cubca
8;eager
8;home
8;s hen
8;cld
8;maxon
8;suk
8;zuma
8;genes
8;abart
8;amtir
8;motor
8;gov
8;waba
8;pet
8;poin
8;la/lo
8;wps
8;gdave
8;purca
8;genis
8;fc
8;ken w
8;kenow
8;colti
8;cub c
8;chrv
8;hab
8;moe g
8;rexha
8;bl
8;uptow
8;ftwd
8;sag
8;rang/
8;poict
8;aio
8;beah
8;trac
8;xn
8;talbe
8;balan
8;voton
8;rio k
8;09
8;nw
8;bay b
8;dunra
8;dunpl
8;moc
8;coach
8;linde
8;bhb
8;aydz
8;unkno
8;four
8;mi fu
8;agund
8;par/s
8;w/h f
8;24lil
8;tomos
8;frt c
8;crowl
8;end
8;mwv
8;ro
8;g d
8;red
8;euig
8;il
8;frin
8;torre
8;7mm
8;thoma
8;appal
8;omr
8;vnhl
8;omst
8;vpg
8;cub
8;astma
8;bike
8;mesar
8;ducct
8;mi/fd
8;grdn
8;am/tr
8;tlp
8;fl/lr
8;aus h
8;endri
8;kenil
8;chstl
8;gd
8;piagg
8;chnen
8;sunbe
8;sparc
8;jmh
8;spria
8;frfig
8;aprki
8;rye r
8;ttr
8;snun
8;n
8;se/ra
8;ferig
8;enfie
8;cobui
8;hart
8;watas
8;budd
8;hytr
8;rein
8;fae
8;surb
8;mcry
8;h
8;xlsp
8;mc/bs
8;trito
8;ninja
8;trumi
8;ti br
8;whcc
8;nir
8;mv1
8;ca/tr
8;sugn
8;ufilm
8;huyd
8;buddy
8;outl
8;entte
8;durap
8;herce
8;zenit
8;maime
8;portj
8;ftlin
8;com
8;tnt
8;maste
8;big b
8;w/a
8;rolan
8;ra/ro
8;syerl
8;gdal
8;wonth
8;apre/
8;berin
8;refre
8;ftlr
8;tw
8;wane
8;pgo
8;1
8;argos
8;frlnr
8;ubs
8;kaufm
8;htyun
8;cat
8;r
8;bl hi
8;nrd
8;autoc
8;gru
8;setra
8;pterb
8;kauf
8;jauwa
8;dotir
8;krmo
8;rrv
8;appor
8;carsi
8;vantr
8;wv
8;utl b
8;stude
8;hercl
8;hecht
8;herc
8;kymoo
8;corn
8;`
8;le
8;chass
8;tx
8;mi/du
8;thrim
8;yello
8;spenc
8;hydy
8;xawk9
8;mitch
8;alero
8;letil
8;ferra
8;dor
8;t4
8;b
8;chy
8;sixtu
8;golfs
8;lambo
8;perc
8;ca/ex
8;spec
8;cotl
8;zywie
8;wyd
8;ecjar
8;victo
8;oth
8;ca/ro
8;suizi
8;veriz
8;chur
8;mi/fl
8;cappa
8;ma3
8;westr
8;astor
8;natio
8;ijd
8;lnd r
8;la/rd
8;crhy
8;subun
8;trist
8;bahsa
8;gold
8;hybri
8;stevy
8;wrhkh
8;m
8;199
8;bound
8;pedic
8;gilli
8;bi
8;bri
8;datsu
8;thien
8;frod
8;wo/st
8;paner
8;cot
8;provs
8;kymco
8;mwski
8;flxz
8;giwi
8;maroo
8;quahi
8;jaota
8;kenne
8;hacv
8;sport
8;fraum
8;gre d
8;awdrd
8;tmay
8;plmth
8;shoop
8;hirs
8;uncbc
8;jmari
8;g dan
8;gr
8;jocln
8;ffeig
8;genui
8;uber
8;bri m
8;bargm
8;tn/li
8;inegh
8;qidon
9;gmc
9;gmcq
9;gsc
9;amc
9;smc
9;umc
9;9mc
9;emc
10;subar
10;subaru
10;sobar
10;suba
10;staru
10;scbar
10;sybar
10;subai
10;subrn
10;sufar
10;suvar
10;subad
10;sabau
10;subbu
10;suaru
10;dubar
10;sibar
11;hyund
11;hyundai
11;hun
11;hudai
11;hyuan
11;hyyn
11;hndai
11;hunyd
11;hyuni
12;audi
12;ha/di
12;acidi
12;hudi
12;audi+
12;adi
12;audi3
12;aaudi
12;hudai
12;audl
12;5udi
12;austi
12;acudo
12;acudi
12;gurdi
12;auidi
12;ludki
12;handi
12;acuda
12;audli
12;autil
12;auti
13;volks
13;volkswagen
13;vntg
13;vwjet
13;vlksw
13;ww
14;bmw
14;bmmw
14;3mw
15;volvo
15;valho
15;vavo
15;volsm
15;volk
15;voljk
15;velo
15;volls
15;v0lvo
15;convo
15;volx
15;volka
15;vollk
15;vo/mo
15;volts
15;volun
15;voli
15;volkl
15;volkh
15;volpe
15;volu
15;volzu
15;volko
15;vo/ho
15;volsc
15;volch
15;vlo
15;wolvo
15;volca
15;volvl
15;volkk
15;volv
15;vw vo
15;olmo
15;volzw
15;volw
16;me/be
16;mercedes benz
16;mered
17;mazda
17;massa
17;macda
17;muzda
17;mazo
17;mazla
17;masea
17;mazd
17;masca
17;madu
17;mazer
17;cada
17;mad
17;malda
17;masta
17;mada
17;mda
17;meaza
17;maz
17;maxia
17;magua
17;macd
17;masd
17;hayda
17;madi
17;masa
18;cadil
18;cadillac
18;caill
18;cadia
19;jeep
19;seep
19;jeepw
19;jjeep
20;chrys
20;chrysler
20;chrye
20;cryst
20;chyr
20;crslr
21;mitsu
21;mitsubishi
21;miits
22;lexus
22;lexu
22;leuxs
22;merus
22;lotus
22;lexuw
22;les
22;lewis
22;lecus
22;lrxus
22;kexus
22;lexcu
22;lexcs
22;;exis
22;leux
22;equs
22;lexas
22;lexys
23;acura
23;auroa
23;acuta
23;neura
23;acurr
23;acyra
23;oacur
23;amtra
23;acudo
23;acuro
23;acur
23;aruca
23;acudi
23;acara
23;azera
23;aura
23;acru
23;sctra
23;acua
23;acurh
23;achra
23;acuda
23;avura
23;macur
23;acurc
23;acurn
23;scara
23;sura
23;scura
23;acvra
23;oaura
23;azura
23;acum
23;dura
24;ponti
24;pontiac
24;potia
24;ponta
24;ponia
24;pontc
25;suzuk
25;suzuki
25;sozuk
25;zuki
25;suzuh
25;suzu
25;suki
25;zuzuk
25;suzub
26;scio
26;scion
26;sco
26;seton
26;sicon
26;reion
26;scod
26;orion
26;sexon
26;schoo
26;spin
26;union
26;mcin
26;scon
26;spon
26;acion
26;scien
26;scton
26;sclon
26;saton
27;linco
27;lincoln
27;licol
27;incol
28;isuzu
28;sukzu
28;iszuk
28;1zuzu
28;osuzu
28;usezu
28;suzuh
28;isazu
28;suzu
28;dsuzu
28;izszu
28;issuz
28;fsuzu
28;isuuz
28;isozu
28;isczu
28;isz
28;isugu
28;isuxz
28;suyzu
28;suzub
28;iseze
28;isuiz
28;isuxu
28;ssuzu
28;isuru
28;isuz
29;infin
29;infiniti
29;infit
29;inifi
29;infni
29;ifini
29;infii
29;inini
29;infti
30;harle
30;harley davidson
31;satur
31;saturn
31;satrn
31;satu
31;sotur
31;satra
31;satum
31;surn
31;satru
31;satun
31;satuh
31;sater
31;satin
31;sadur
31;satcr
31;satrt
31;acurn
31;sutur
31;saton
32;hino
32;laino
32;hint
32;cinco
32;henwo
32;hin
32;hno
32;hinop
32;huno
32;hyind
32;hino.
32;shino
32;kinmo
32;llino
32;jindo
32;kino
32;hiuno
32;rino
32;heno
32;hyuno
32;hinon
32;mino
32;hinio
32;flino
32;hind
32;hini
32;rhino
32;tindo
32;hindo
32;hinod
32;jino
32;hiino
32;hines
32;hiunt
32;gino
32;vino
32;hinof
32;hiro
32;nino
32;himo
32;zhing
32;hino3
32;hi/fo
32;hiao
32;hio
32;ino
33;kawas
33;kawasaki
33;kw
33;kwski
34;buick
34;buric
34;buiic
34;3ulck
34;brick
34;duica
34;buzck
34;pick
34;mick
34;buck
34;buwic
34;bruck
34;hick
34;budco
34;buide
34;uick
34;brink
34;buic
34;srick
35;jagua
35;jaguar
35;jauar
35;magua
36;saab
36;5aab
36;sadan
36;salan
36;saubr
36;saat
36;scabo
36;sabau
36;sanat
37;rover
37;r rov
37;l/rov
37;ryder
37;land/
37;prove
37;rager
37;rider
37;ruter
37;roger
37;ron/r
37;homer
37;cover
37;roket
37;power
37;rier
37;gover
37;roseb
38;intr
38;inter
38;intel
38;into
38;inten
38;intin
38;intaa
38;inti
38;iner
38;intte
38;infer
38;iter
38;intee
38;ionte
38;intra
38;intnf
38;inetr
38;itr
38;intz
38;infen
38;ruter
38;intc
38;sater
38;intal
38;intf
38;intie
38;prter
38;intei
38;pater
38;int m
38;inei
38;ontar
38;inern
38;int v
38;intn
38;int n
38;inerb
38;intev
38;weter
38;intoi
38;intif
38;binte
38;intrl
38;itner
38;uter
39;yamah
39;yamaha
39;yamwh
40;fiat
40;fiatl
40;fleat
40;friht
40;freat
40;fial
40;frat
40;frgat
40;firt
40;fiaz
40;fint
40;fiagg
40;fiaht
40;fight
40;ofmat
40;frigt
41;porsc
41;porsche
41;posce
42;mack
42;mace
42;micke
42;macda
42;hackn
42;mac t
42;marcu
42;mackr
42;masca
42;mick
42;mach
42;maek
42;yack
42;hacki
42;marck
42;hack
42;mascr
42;macun
42;macur
42;marco
42;march
42;macd
42;malk
42;macu
42;mauk
42;track
42;mackd
42;vack
42;m tck
42;mack`
42;m ack
42;micky
43;humme
43;hummer
43;hume
43;huner
43;hamme
43;humem
43;humms
43;homer
43;humbe
43;humma
43;hymme
44;mini
44;minic
44;mifi
44;mi/ia
44;ifini
44;mino
44;hinio
44;mint
44;hini
44;sieni
44;mini/
44;min=f
44;mi/fi
44;mins
44;mimi
44;inini
44;mitmi
44;winni
44;min c
44;mina
44;michi
44;mini.
45;workh
45;workv
45;fedex
45;work
45;wrk h
45;worhk
45;worke
45;works
45;woric
45;workd
45;whors
45;workm
45;wrk
45;woikh
45;norkh
45;worth
45;wor h
45;worki
45;worty
45;wor
45;work/
45;workp
45;wolks
45;warkh
45;wortm
45;eorkh
45;workc
45;worhh
45;wiork
45;worh
45;workn
45;workt
45;workg
45;wolk
45;workw
45;worw
45;worho
46;smart
46;smart car
47;oldsm
47;oldsmobile
47;oldmo
48;metz
48;metz/
48;martz
48;meaza
48;metm
48;bentz
48;metbe
48;maetr
48;met
48;mitzs
49;pratt
49;gratd
49;tract
49;frat
49;grat
49;ratt
49;ra t
49;craft
49;prat
49;graet
49;rant
49;plat
49;ralt
49;pragg
49;path
50;cimc
50;clinc
50;crmc
51;vespa
51;tesla
51;vesp
51;vesla
51;tesca
51;vesga
51;vezpa
51;vespo
51;ves
51;tesua
51;vesoa
51;venza
51;uespa
51;vespe
51;vesr
51;nessa
51;vespc
51;vespy
51;yesla
51;vepsa
51;bespa
51;vessa
52;rolls
52;rolls royce
53;trium
53;triumph
54;bentl
54;bentley
54;benle
55;carav
55;caravan
56;telsa
56;tesle
56;tesua
56;tesla
56;tesli
56;yesla
